{"cameraMode":{"drawMode":0,"name":"Shaded","section":"Shading Mode"},"sceneLighting":true,"audioPlay":false,"sceneViewState":{"m_AlwaysRefresh":false,"showFog":true,"showSkybox":true,"showFlares":true,"showImageEffects":true,"showParticleSystems":true,"showVisualEffectGraphs":true,"m_FxEnabled":true},"in2DMode":false,"pivot":{"x":0.9682278633117676,"y":0.5487099885940552,"z":0.5613839030265808},"rotation":{"x":-0.12313491106033325,"y":0.7100860476493836,"z":-0.12834098935127259,"w":-0.6812818050384522},"size":1.2959741353988648,"orthographic":false}