{"cameraMode":{"drawMode":0,"name":"Shaded","section":"Shading Mode"},"sceneLighting":true,"audioPlay":false,"sceneViewState":{"m_AlwaysRefresh":false,"showFog":true,"showSkybox":true,"showFlares":true,"showImageEffects":true,"showParticleSystems":true,"showVisualEffectGraphs":true,"m_FxEnabled":true},"in2DMode":false,"pivot":{"x":4.3752946853637699,"y":1.115455150604248,"z":2.9829249382019045},"rotation":{"x":0.17908601462841035,"y":0.6975970268249512,"z":-0.1869947612285614,"w":0.6680914759635925},"size":3.9408698081970217,"orthographic":false}