{"cameraMode":{"drawMode":0,"name":"Shaded","section":"Shading Mode"},"sceneLighting":true,"audioPlay":false,"sceneViewState":{"m_AlwaysRefresh":false,"showFog":true,"showSkybox":true,"showFlares":true,"showImageEffects":true,"showParticleSystems":true,"showVisualEffectGraphs":true,"m_FxEnabled":true},"in2DMode":false,"pivot":{"x":-0.6465001106262207,"y":0.40229883790016177,"z":1.935313105583191},"rotation":{"x":0.19367215037345887,"y":0.7501240372657776,"z":-0.2501652240753174,"w":0.580731213092804},"size":1.3849173784255982,"orthographic":false}