{"cameraMode":{"drawMode":0,"name":"Shaded","section":"Shading Mode"},"sceneLighting":true,"audioPlay":false,"sceneViewState":{"m_AlwaysRefresh":false,"showFog":true,"showSkybox":true,"showFlares":true,"showImageEffects":true,"showParticleSystems":true,"showVisualEffectGraphs":true,"m_FxEnabled":true},"in2DMode":false,"pivot":{"x":2.934953451156616,"y":3.5086944103240969,"z":-0.5866554379463196},"rotation":{"x":0.18924570083618165,"y":0.09996356070041657,"z":-0.01937059871852398,"w":0.9766486287117004},"size":0.46528196334838869,"orthographic":false}